1 day,
2 days,
3 days,
4 days,
5 days,
6 days,
7 days,
8 days,
9 days,
10 days,
11 days,
12 days,
13 days,
14 days,
15 days,
16 days,
17 days,
18 days,
19 days,
20 days,
21 days,
22 days,
23 days,
24 days,
25 days,
26 days,
27 days,
28 days,
29 days,
30 days,
31 days,
32 days,
33 days,
34 days,
35 days,
36 days,
37 days,
38 days,
39 days,
40 days,
41 days,
42 days,
43 days,
44 days,
45 days,
46 days,
47 days,
48 days,
49 days,
50 days,
51 days,
52 days,
53 days,
54 days,
55 days,
56 days,
57 days,
58 days,
59 days,
60 days,
61 days,
62 days,
63 days,
64 days,
65 days,
66 days,
67 days,
68 days,
69 days,
70 days,
71 days,
72 days,
73 days,
74 days,
75 days,
76 days,
77 days,
78 days,
79 days,
80 days,
81 days,
82 days,
83 days,
84 days,
85 days,
86 days,
87 days,
88 days,
89 days,
90 days,
91 days,
92 days,
93 days,
94 days,
95 days,
96 days,
97 days,
98 days,
99 days,
100 days,
1 week,
2 weeks,
3 weeks,
4 weeks,
5 weeks,
6 weeks,
7 weeks,
8 weeks,
9 weeks,
10 weeks,
11 weeks,
12 weeks,
13 weeks,
14 weeks,
15 weeks,
16 weeks,
17 weeks,
18 weeks,
19 weeks,
20 weeks,
21 weeks,
22 weeks,
23 weeks,
24 weeks,
25 weeks,
26 weeks,
27 weeks,
28 weeks,
29 weeks,
30 weeks,
31 weeks,
32 weeks,
33 weeks,
34 weeks,
35 weeks,
36 weeks,
37 weeks,
38 weeks,
39 weeks,
40 weeks,
41 weeks,
42 weeks,
43 weeks,
44 weeks,
45 weeks,
46 weeks,
47 weeks,
48 weeks,
49 weeks,
50 weeks,
51 weeks,
52 weeks,
1 month,
2 months,
3 months,
4 months,
5 months,
6 months,
7 months,
8 months,
9 months,
10 months,
11 months,
12 months,
13 months,
14 months,
15 months,
16 months,
17 months,
18 months,
19 months,
20 months,
21 months,
22 months,
23 months,
24 months,
1 year,
2 years,
3 years,
4 years,
5 years,
6 years,
7 years,
8 years,
9 years,
10 years,
day,
week,
month,
year,